table,column,role,pg_type,n,pct_null,pct_zero,is_constant,min,p1,p50,p99,max,mean,std,n_unique_approx,n_null,pct_negative,p25,p75
His_131,ID,meta,bigint,521103,0.0,0.0,False,0.0,4682.89,297274.5,517008.57,521102.0,260551.0,150429.478662,> 5000,0.0,0.0,146499.25,411142.75
His_131,UTCTimestamp_Ticks,time,bigint,521103,,,,,,,,,,,,,,,
His_131,LogType,meta,smallint,521103,0.0,0.009,False,0.0,1.0,1.0,1.0,2.0,0.999994,0.013069,3,0.0,0.0,1.0,1.0
His_131,NotSync,meta,smallint,521103,0.0,100.0,True,0.0,0.0,0.0,0.0,0.0,0.0,0.0,1,0.0,0.0,0.0,0.0
His_131,Substation_Level_110kV_Bay131_MEAS_PF,power_factor,real,521103,0.025,56.539,False,-1.0,-0.999993,0.0,0.0,0.330904,-0.428007,0.492325,> 5000,130.0,43.297,-0.998919,0.0
His_131,Substation_Level_110kV_Bay131_MEAS_Q,reactive_power,real,521103,0.025,0.001,False,-11.492443,-1.876199,0.015208,2.087492,14.503883,0.033646,0.542451,> 5000,128.0,44.894,-0.079018,0.137844
His_131,Substation_Level_110kV_Bay131_MEAS_P,active_power,real,521103,0.027,0.002,False,-0.449991,-0.109811,0.228482,36.98731,39.265335,7.473381,11.439148,> 5000,141.0,17.988,0.040538,13.385816
His_131,Substation_Level_110kV_Bay131_MEAS_In,current,real,521103,0.031,0.001,False,-0.283208,0.097052,0.423847,0.964172,6.775785,0.445196,0.225246,79,163.0,0.097,0.305719,0.541418
His_131,Substation_Level_110kV_Bay131_MEAS_Ic,current,real,521103,0.033,0.002,False,0.0,0.153662,1.389319,184.428548,196.93501,37.790735,56.832149,> 5000,173.0,0.0,1.010931,66.714237
His_131,Substation_Level_110kV_Bay131_MEAS_Ib,current,real,521103,0.033,0.003,False,0.0,0.135873,1.270194,184.591869,197.86516,37.840514,56.936861,> 5000,171.0,0.0,0.858686,67.276218
His_131,Substation_Level_110kV_Bay131_MEAS_Ia,current,real,521103,0.032,0.002,False,0.0,0.151451,1.719671,184.558051,197.1678,37.925149,56.803956,> 5000,168.0,0.0,1.262971,66.747755
His_131,Substation_Level_110kV_Bay131_MEAS_Uc,voltage,real,521103,0.034,0.002,False,0.0,65.556747,66.74585,67.631995,68.78609,66.742626,0.53289,> 5000,177.0,0.0,66.41359,67.07325
His_131,Substation_Level_110kV_Bay131_MEAS_Ub,voltage,real,521103,0.034,0.002,False,0.0,65.717538,66.950162,67.89795,69.21082,66.934204,0.554972,> 5000,176.0,0.0,66.592104,67.292751
His_131,Substation_Level_110kV_Bay131_MEAS_Ua,voltage,real,521103,0.034,0.002,False,0.0,65.545853,66.85058,67.874085,69.03407,66.82951,0.573878,> 5000,175.0,0.0,66.476833,67.191491
His_131,Substation_Level_110kV_Bay131_MEAS_F,frequency,real,521103,0.035,0.0,False,49.344955,49.851465,50.114998,50.285759,50.52338,50.101471,0.100607,> 5000,182.0,0.0,50.036555,50.171112
His_131,Substation_Level_110kV_Bay131_MEAS_Uca,voltage,real,521103,0.034,0.002,False,0.0,113.477116,115.630192,117.188155,119.10059,115.603396,0.939015,> 5000,177.0,0.0,115.035821,116.177093
His_131,Substation_Level_110kV_Bay131_MEAS_Ubc,voltage,real,521103,0.034,0.002,False,0.0,113.734908,115.782375,117.352111,119.51982,115.773345,0.938216,> 5000,177.0,0.0,115.19163,116.377408
His_131,Substation_Level_110kV_Bay131_MEAS_Uab,voltage,real,521103,0.034,0.002,False,0.0,113.708407,115.947555,117.738365,120.19475,115.907268,0.995638,> 5000,177.0,0.0,115.297206,116.543834
His_131,ts_utc,time,,521103,,,,,,,,,,,,,,,
His_131,ts_local,time,,521103,,,,,,,,,,,,,,,
His_431,ID,meta,bigint,524153,0.0,0.0,False,0.0,4662.73,296258.0,518882.31,524152.0,262076.0,151309.937823,> 5000,0.0,0.0,146168.5,411533.0
His_431,UTCTimestamp_Ticks,time,bigint,524153,,,,,,,,,,,,,,,
His_431,LogType,meta,smallint,524153,0.0,0.009,False,0.0,1.0,1.0,1.0,2.0,0.999996,0.013104,3,0.0,0.0,1.0,1.0
His_431,NotSync,meta,smallint,524153,0.0,100.0,True,0.0,0.0,0.0,0.0,0.0,0.0,0.0,1,0.0,0.0,0.0,0.0
His_431,Substation_Level_22kV_Bay431_MEAS_PF,power_factor,real,524153,0.035,0.007,False,-0.99,0.9399,1.0,1.0,1.0,0.985581,0.159784,181,184.0,0.665,1.0,1.0
His_431,Substation_Level_22kV_Bay431_MEAS_Q,reactive_power,real,524153,0.035,60.51,False,-10.4,-0.72025,0.0,2.69812,15.283,0.260638,0.73381,952,184.0,9.522,0.0,0.195
His_431,Substation_Level_22kV_Bay431_MEAS_P,active_power,real,524153,0.035,59.811,False,-0.11,0.0,0.0,37.427,39.539,7.419321,11.538029,3191,184.0,0.015,0.0,13.602
His_431,Substation_Level_22kV_Bay431_MEAS_In,current,real,524153,0.035,100.0,True,0.0,0.0,0.0,0.0,0.0,0.0,0.0,1,184.0,0.0,0.0,0.0
His_431,Substation_Level_22kV_Bay431_MEAS_Ic,current,real,524153,0.035,59.867,False,0.0,0.0,0.0,984.0,1046.0,196.029097,304.040362,999,184.0,0.0,0.0,361.0
His_431,Substation_Level_22kV_Bay431_MEAS_Ib,current,real,524153,0.035,59.812,False,0.0,0.0,0.0,985.0,1047.0,196.483372,304.493316,999,184.0,0.0,0.0,362.0
His_431,Substation_Level_22kV_Bay431_MEAS_Ia,current,real,524153,0.035,59.859,False,0.0,0.0,0.0,984.0,1047.0,195.963706,304.011667,997,184.0,0.0,0.0,361.0
His_431,Substation_Level_22kV_Bay431_MEAS_Uc,voltage,real,524153,0.035,0.009,False,0.0,0.266,12.653,12.82101,13.087,12.369204,1.850791,586,185.0,0.0,12.588,12.712
His_431,Substation_Level_22kV_Bay431_MEAS_Ub,voltage,real,524153,0.035,2.28,False,0.0,0.0,12.636,12.823,13.152,12.345781,1.888557,655,185.0,0.0,12.567,12.7
His_431,Substation_Level_22kV_Bay431_MEAS_Ua,voltage,real,524153,0.035,2.281,False,0.0,0.0,12.621,12.847,13.142,12.332139,1.886877,738,185.0,0.0,12.546,12.689
His_431,Substation_Level_22kV_Bay431_MEAS_F,frequency,real,524153,0.025,2.28,False,0.0,0.0,50.115,50.289,50.531,48.959449,7.479839,712,129.0,0.0,50.033,50.17
His_431,Substation_Level_22kV_Bay431_MEAS_Uca,voltage,real,524153,0.035,0.009,False,0.0,0.265,21.773,22.09601,22.551,21.279705,3.214177,1086,186.0,0.0,21.654,21.88
His_431,Substation_Level_22kV_Bay431_MEAS_Uab,voltage,real,524153,0.035,2.28,False,0.0,0.0,21.876,22.24402,22.794,21.372152,3.269936,1241,186.0,0.0,21.74375,21.992
His_431,Substation_Level_22kV_Bay431_MEAS_Ubc,voltage,real,524153,0.035,0.009,False,0.0,0.265,22.018,22.318,22.78,21.519832,3.250591,1001,186.0,0.0,21.902,22.125
His_431,ts_utc,time,,524153,,,,,,,,,,,,,,,
His_431,ts_local,time,,524153,,,,,,,,,,,,,,,
His_431A,ID,meta,bigint,250035,0.0,0.0,False,0.0,2044.65,125147.0,247492.06,250034.0,125017.0,72178.887278,> 5000,0.0,0.0,63155.0,186712.0
His_431A,UTCTimestamp_Ticks,time,bigint,250035,,,,,,,,,,,,,,,
His_431A,LogType,meta,smallint,250035,0.0,0.018,False,0.0,1.0,1.0,1.0,2.0,0.999996,0.019077,3,0.0,0.0,1.0,1.0
His_431A,NotSync,meta,smallint,250035,0.0,100.0,True,0.0,0.0,0.0,0.0,0.0,0.0,0.0,1,0.0,0.0,0.0,0.0
His_431A,Substation_Level_22kV_Bay431A_MEAS_P,active_power,real,250035,0.027,0.236,False,0.0,0.001586,2.251041,6.142571,4410466.0,20.208541,8821.474042,> 5000,67.0,0.0,0.723624,4.408712
His_431A,Substation_Level_22kV_Bay431A_MEAS_In,current,real,250035,3.145,7.336,False,0.0,0.0,0.707065,2.152154,2.868711,0.812273,0.583022,> 5000,7864.0,0.0,0.316924,1.23891
His_431A,Substation_Level_22kV_Bay431A_MEAS_Ic,current,real,250035,3.144,7.656,False,0.0,0.0,57.564066,161.15433,166.8986,67.283928,52.353198,> 5000,7862.0,0.0,18.421541,111.550042
His_431A,Substation_Level_22kV_Bay431A_MEAS_Ib,current,real,250035,3.142,7.494,False,0.0,0.0,57.45497,159.948474,165.87405,66.909544,51.978304,> 5000,7857.0,0.0,18.322717,111.241548
His_431A,Substation_Level_22kV_Bay431A_MEAS_Ia,current,real,250035,3.14,7.605,False,0.0,0.0,57.33061,158.891025,164.26176,66.354087,51.661216,> 5000,7850.0,0.0,18.105911,110.698647
His_431A,ts_utc,time,,250035,,,,,,,,,,,,,,,
His_431A,ts_local,time,,250035,,,,,,,,,,,,,,,
His_432,ID,meta,bigint,256833,0.0,0.0,False,0.0,2224.45,128034.0,254301.94,256832.0,128416.0,74141.300843,> 5000,0.0,0.0,64385.5,192447.5
His_432,UTCTimestamp_Ticks,time,bigint,256833,,,,,,,,,,,,,,,
His_432,LogType,meta,smallint,256833,0.0,0.018,False,0.0,1.0,1.0,1.0,2.0,0.999996,0.018823,3,0.0,0.0,1.0,1.0
His_432,NotSync,meta,smallint,256833,0.0,100.0,True,0.0,0.0,0.0,0.0,0.0,0.0,0.0,1,0.0,0.0,0.0,0.0
His_432,Substation_Level_22kV_Bay432_MEAS_P,active_power,real,256833,0.025,0.266,False,0.0,0.00077,1.973308,6.012633,6.288575,2.349437,1.961829,> 5000,65.0,0.0,0.497198,4.103568
His_432,Substation_Level_22kV_Bay432_MEAS_In,current,real,256833,1.558,11.916,False,0.0,0.0,0.542049,1.848231,2.628684,0.642063,0.478425,> 5000,4001.0,0.0,0.253178,0.961757
His_432,Substation_Level_22kV_Bay432_MEAS_Ic,current,real,256833,1.557,12.428,False,0.0,0.0,49.036379,157.543985,165.49405,61.277114,51.445803,> 5000,4000.0,0.0,11.042099,105.582586
His_432,Substation_Level_22kV_Bay432_MEAS_Ib,current,real,256833,1.557,12.081,False,0.0,0.0,49.102581,158.083866,166.10527,61.707994,51.744228,> 5000,3999.0,0.0,11.143698,106.031004
His_432,Substation_Level_22kV_Bay432_MEAS_Ia,current,real,256833,1.555,12.398,False,0.0,0.0,49.381059,157.180464,165.14427,61.27093,51.477769,> 5000,3995.0,0.0,11.29053,105.42554
His_432,ts_utc,time,,256833,,,,,,,,,,,,,,,
His_432,ts_local,time,,256833,,,,,,,,,,,,,,,
His_433,ID,meta,bigint,247714,0.0,0.0,False,0.0,2030.98,122585.0,245070.88,247713.0,123856.5,71508.87229,> 5000,0.0,0.0,61820.0,185159.0
His_433,UTCTimestamp_Ticks,time,bigint,247714,,,,,,,,,,,,,,,
His_433,LogType,meta,smallint,247714,0.0,0.019,False,0.0,1.0,1.0,1.0,2.0,0.999996,0.019167,3,0.0,0.0,1.0,1.0
His_433,NotSync,meta,smallint,247714,0.0,100.0,True,0.0,0.0,0.0,0.0,0.0,0.0,0.0,1,0.0,0.0,0.0,0.0
His_433,Substation_Level_22kV_Bay433_MEAS_P,active_power,real,247714,0.028,0.242,False,0.0,0.001002,2.242451,6.121097,6.290718,2.551168,1.98561,> 5000,69.0,0.0,0.688574,4.412486
His_433,Substation_Level_22kV_Bay433_MEAS_In,current,real,247714,1.153,8.171,False,0.0,0.0,0.585184,1.966732,2.625451,0.67055,0.479643,> 5000,2856.0,0.0,0.29636,0.95897
His_433,Substation_Level_22kV_Bay433_MEAS_Ic,current,real,247714,1.151,8.412,False,0.0,0.0,59.469842,159.849204,166.49608,67.345614,52.421438,> 5000,2852.0,0.0,17.280906,112.102449
His_433,Substation_Level_22kV_Bay433_MEAS_Ib,current,real,247714,1.15,8.341,False,0.0,0.0,58.7558,159.329816,165.6683,67.124545,52.222048,> 5000,2848.0,0.0,17.546935,111.62704
His_433,Substation_Level_22kV_Bay433_MEAS_Ia,current,real,247714,1.147,8.52,False,0.0,0.0,58.650151,158.521442,164.68716,66.728533,52.024903,> 5000,2842.0,0.0,17.243525,110.990455
His_433,ts_utc,time,,247714,,,,,,,,,,,,,,,
His_433,ts_local,time,,247714,,,,,,,,,,,,,,,
His_434,ID,meta,bigint,251480,0.0,0.0,False,0.0,2117.73,125689.0,248852.28,251479.0,125739.5,72596.022847,> 5000,0.0,0.0,63797.5,188647.0
His_434,UTCTimestamp_Ticks,time,bigint,251480,,,,,,,,,,,,,,,
His_434,LogType,meta,smallint,251480,0.0,0.018,False,0.0,1.0,1.0,1.0,2.0,0.999996,0.019023,3,0.0,0.0,1.0,1.0
His_434,NotSync,meta,smallint,251480,0.0,100.0,True,0.0,0.0,0.0,0.0,0.0,0.0,0.0,1,0.0,0.0,0.0,0.0
His_434,Substation_Level_22kV_Bay434_MEAS_P,active_power,real,251480,0.025,0.293,False,0.0,0.000923,2.043743,6.087401,6.276997,2.386754,1.942136,> 5000,63.0,0.0,0.576409,4.062942
His_434,Substation_Level_22kV_Bay434_MEAS_In,current,real,251480,1.759,10.533,False,0.0,0.0,1.124546,3.210818,4.068299,1.237623,0.920228,> 5000,4423.0,0.0,0.408523,1.975068
His_434,Substation_Level_22kV_Bay434_MEAS_Ic,current,real,251480,1.758,10.819,False,0.0,0.0,53.729576,158.187835,167.43008,62.185356,51.31409,> 5000,4422.0,0.0,12.186862,105.055841
His_434,Substation_Level_22kV_Bay434_MEAS_Ib,current,real,251480,1.758,10.704,False,0.0,0.0,53.375909,157.699337,166.41312,62.027673,51.132944,> 5000,4421.0,0.0,12.230212,104.664737
His_434,Substation_Level_22kV_Bay434_MEAS_Ia,current,real,251480,1.756,10.977,False,0.0,0.0,52.583331,154.937603,164.0332,61.069495,50.45552,> 5000,4416.0,0.0,12.059989,104.382875
His_434,ts_utc,time,,251480,,,,,,,,,,,,,,,
His_434,ts_local,time,,251480,,,,,,,,,,,,,,,
His_435,ID,meta,bigint,250906,0.0,0.0,False,0.0,2010.77,126338.5,248241.46,250905.0,125452.5,72430.32332,> 5000,0.0,0.0,63656.25,188497.5
His_435,UTCTimestamp_Ticks,time,bigint,250906,,,,,,,,,,,,,,,
His_435,LogType,meta,smallint,250906,0.0,0.018,False,0.0,1.0,1.0,1.0,2.0,0.999996,0.019044,3,0.0,0.0,1.0,1.0
His_435,NotSync,meta,smallint,250906,0.0,100.0,True,0.0,0.0,0.0,0.0,0.0,0.0,0.0,1,0.0,0.0,0.0,0.0
His_435,Substation_Level_22kV_Bay435_MEAS_P,active_power,real,250906,0.024,0.277,False,0.0,0.000644,2.040895,5.979421,6.289541,2.441695,1.952722,> 5000,59.0,0.0,0.571256,4.173669
His_435,Substation_Level_22kV_Bay435_MEAS_In,current,real,250906,0.746,10.519,False,0.0,0.0,0.33928,1.084985,1.875586,0.375991,0.266517,> 5000,1871.0,0.0,0.166872,0.548806
His_435,Substation_Level_22kV_Bay435_MEAS_Ic,current,real,250906,0.748,10.771,False,0.0,0.0,55.278473,158.037965,166.05048,63.503066,51.309345,> 5000,1876.0,0.0,14.621234,110.331209
His_435,Substation_Level_22kV_Bay435_MEAS_Ib,current,real,250906,0.745,10.742,False,0.0,0.0,55.64914,158.691506,166.43402,63.784105,51.504884,> 5000,1869.0,0.0,14.421249,110.345227
His_435,Substation_Level_22kV_Bay435_MEAS_Ia,current,real,250906,0.743,10.764,False,0.0,0.0,55.642916,157.62985,165.7221,63.359204,51.214112,> 5000,1863.0,0.0,14.247723,110.493912
His_435,ts_utc,time,,250906,,,,,,,,,,,,,,,
His_435,ts_local,time,,250906,,,,,,,,,,,,,,,
His_436,ID,meta,bigint,256360,0.0,0.0,False,0.0,2336.85,128835.5,254142.03,256359.0,128179.5,74004.757504,> 5000,0.0,0.0,64998.0,192710.25
His_436,UTCTimestamp_Ticks,time,bigint,256360,,,,,,,,,,,,,,,
His_436,LogType,meta,smallint,256360,0.0,0.018,False,0.0,1.0,1.0,1.0,2.0,0.999992,0.018737,3,0.0,0.0,1.0,1.0
His_436,NotSync,meta,smallint,256360,0.0,100.0,True,0.0,0.0,0.0,0.0,0.0,0.0,0.0,1,0.0,0.0,0.0,0.0
His_436,Substation_Level_22kV_Bay436_MEAS_P,active_power,real,256360,0.021,0.262,False,0.0,0.000716,2.125471,6.112585,6.27977,2.473062,1.969868,> 5000,55.0,0.0,0.560948,4.160954
His_436,Substation_Level_22kV_Bay436_MEAS_In,current,real,256360,1.72,10.296,False,0.0,0.0,0.311863,1.142417,1.920666,0.344278,0.253946,> 5000,4409.0,0.0,0.158535,0.479717
His_436,Substation_Level_22kV_Bay436_MEAS_Ic,current,real,256360,1.719,10.588,False,0.0,0.0,54.063088,159.732033,166.77379,64.465302,51.984833,> 5000,4407.0,0.0,14.815818,108.468974
His_436,Substation_Level_22kV_Bay436_MEAS_Ib,current,real,256360,1.718,10.468,False,0.0,0.0,54.557671,159.150047,165.8975,64.290947,51.788647,> 5000,4403.0,0.0,14.988781,109.636065
His_436,Substation_Level_22kV_Bay436_MEAS_Ia,current,real,256360,1.716,10.712,False,0.0,0.0,54.47269,159.067232,165.30304,63.998241,51.672276,> 5000,4400.0,0.0,15.131134,107.984879
His_436,ts_utc,time,,256360,,,,,,,,,,,,,,,
His_436,ts_local,time,,256360,,,,,,,,,,,,,,,
His_437,ID,meta,bigint,252343,0.0,0.0,False,0.0,2004.59,125838.5,249935.5,252342.0,126171.0,72845.149488,> 5000,0.0,0.0,63528.0,189021.25
His_437,UTCTimestamp_Ticks,time,bigint,252343,,,,,,,,,,,,,,,
His_437,LogType,meta,smallint,252343,0.0,0.018,False,0.0,1.0,1.0,1.0,2.0,0.999992,0.018885,3,0.0,0.0,1.0,1.0
His_437,NotSync,meta,smallint,252343,0.0,100.0,True,0.0,0.0,0.0,0.0,0.0,0.0,0.0,1,0.0,0.0,0.0,0.0
His_437,Substation_Level_22kV_Bay437_MEAS_P,active_power,real,252343,0.023,0.298,False,0.0,0.000756,0.787225,2.43785,2.518937,0.92081,0.753426,> 5000,58.0,0.0,0.218219,1.578458
His_437,Substation_Level_22kV_Bay437_MEAS_In,current,real,252343,0.313,15.06,False,0.0,0.0,0.243657,0.881139,2.033284,0.265672,0.211553,> 5000,790.0,0.0,0.103167,0.392936
His_437,Substation_Level_22kV_Bay437_MEAS_Ic,current,real,252343,0.313,15.504,False,0.0,0.0,20.17654,63.81574,66.792564,23.88998,19.868627,> 5000,789.0,0.0,4.775726,41.272619
His_437,Substation_Level_22kV_Bay437_MEAS_Ib,current,real,252343,0.311,15.35,False,0.0,0.0,20.48777,64.081082,66.733215,23.965416,19.883591,> 5000,785.0,0.0,4.732152,41.055544
His_437,Substation_Level_22kV_Bay437_MEAS_Ia,current,real,252343,0.311,15.685,False,0.0,0.0,20.242169,63.489809,66.356995,23.761513,19.786057,> 5000,784.0,0.0,4.680135,40.756302
His_437,ts_utc,time,,252343,,,,,,,,,,,,,,,
His_437,ts_local,time,,252343,,,,,,,,,,,,,,,
His_471,ID,meta,bigint,519225,0.0,0.0,False,0.0,4778.52,296075.5,514493.24,519224.0,259612.0,149887.34676,> 5000,0.0,0.0,146386.75,409751.0
His_471,UTCTimestamp_Ticks,time,bigint,519225,,,,,,,,,,,,,,,
His_471,LogType,meta,smallint,519225,0.0,0.009,False,0.0,1.0,1.0,1.0,2.0,0.999994,0.013092,3,0.0,0.0,1.0,1.0
His_471,NotSync,meta,smallint,519225,0.0,100.0,True,0.0,0.0,0.0,0.0,0.0,0.0,0.0,1,0.0,0.0,0.0,0.0
His_471,Substation_Level_22kV_Bay471_Meas_PF,power_factor,real,519225,0.045,0.017,False,-0.99,-0.96,1.0,1.0,1.0,0.970646,0.229426,176,234.0,1.38,1.0,1.0
His_471,Substation_Level_22kV_Bay471_Meas_Q,reactive_power,real,519225,0.045,57.77,False,-5.759,-0.32707,0.0,1.01105,5.085,0.097474,0.271517,1445,234.0,11.124,0.0,0.095
His_471,Substation_Level_22kV_Bay471_Meas_P,active_power,real,519225,0.045,57.416,False,-0.037,0.0,0.0,11.848,12.517,2.431835,3.702207,> 5000,234.0,0.022,0.0,4.54875
His_471,Substation_Level_22kV_Bay471_Meas_In,current,real,519225,0.045,89.71,False,0.0,0.0,0.0,0.98,1.7,0.07896,0.237953,59,233.0,0.0,0.0,0.0
His_471,Substation_Level_22kV_Bay471_Meas_Ic,current,real,519225,0.045,57.431,False,0.0,0.0,0.0,313.0,332.0,64.432222,97.762258,325,232.0,0.0,0.0,121.0
His_471,Substation_Level_22kV_Bay471_Meas_Ib,current,real,519225,0.045,57.477,False,0.0,0.0,0.0,312.0,330.0,64.23898,97.451427,324,232.0,0.0,0.0,121.0
His_471,Substation_Level_22kV_Bay471_Meas_Ia,current,real,519225,0.045,57.458,False,0.0,0.0,0.0,312.0,330.0,64.158977,97.412925,324,232.0,0.0,0.0,120.25
His_471,Substation_Level_22kV_Bay471_Meas_Uc,voltage,real,519225,100.0,,True,,,,,,,,0,519225.0,,,
His_471,Substation_Level_22kV_Bay471_Meas_Ub,voltage,real,519225,100.0,,True,,,,,,,,0,519225.0,,,
His_471,Substation_Level_22kV_Bay471_Meas_Ua,voltage,real,519225,100.0,,True,,,,,,,,0,519225.0,,,
His_471,Substation_Level_22kV_Bay471_Meas_F,frequency,real,519225,0.023,0.001,False,0.0,49.847,50.115,50.289,50.512,50.101241,0.197689,722,117.0,0.0,50.037,50.17
His_471,ts_utc,time,,519225,,,,,,,,,,,,,,,
His_471,ts_local,time,,519225,,,,,,,,,,,,,,,
His_473,ID,meta,bigint,519201,0.0,0.0,False,0.0,4925.49,296827.0,514714.06,519200.0,259600.0,149880.418556,> 5000,0.0,0.0,146116.25,410457.5
His_473,UTCTimestamp_Ticks,time,bigint,519201,,,,,,,,,,,,,,,
His_473,LogType,meta,smallint,519201,0.0,0.009,False,0.0,1.0,1.0,1.0,2.0,0.999996,0.013166,3,0.0,0.0,1.0,1.0
His_473,NotSync,meta,smallint,519201,0.0,100.0,True,0.0,0.0,0.0,0.0,0.0,0.0,0.0,1,0.0,0.0,0.0,0.0
His_473,Substation_Level_22kV_Bay473_Meas_PF,power_factor,real,519201,0.035,0.005,False,-0.99,-0.9701,1.0,1.0,1.0,0.974339,0.218554,141,180.0,1.241,1.0,1.0
His_473,Substation_Level_22kV_Bay473_Meas_Q,reactive_power,real,519201,0.035,59.999,False,-2.754,-0.442,0.0,0.42502,1.545,0.023223,0.126704,793,180.0,14.21,0.0,0.01
His_473,Substation_Level_22kV_Bay473_Meas_P,active_power,real,519201,0.035,59.203,False,-0.027,0.0,0.0,6.033,6.272,1.221091,1.871741,2545,180.0,0.011,0.0,2.317
His_473,Substation_Level_22kV_Bay473_Meas_In,current,real,519201,0.035,98.855,False,0.0,0.0,0.0,0.48,0.92,0.008465,0.079592,44,180.0,0.0,0.0,0.0
His_473,Substation_Level_22kV_Bay473_Meas_Ic,current,real,519201,0.035,59.225,False,0.0,0.0,0.0,159.0,166.0,32.333699,49.404146,161,180.0,0.0,0.0,61.25
His_473,Substation_Level_22kV_Bay473_Meas_Ib,current,real,519201,0.035,59.277,False,0.0,0.0,0.0,158.0,166.0,32.23349,49.269798,162,180.0,0.0,0.0,61.0
His_473,Substation_Level_22kV_Bay473_Meas_Ia,current,real,519201,0.035,59.236,False,0.0,0.0,0.0,159.0,166.0,32.273958,49.32005,161,180.0,0.0,0.0,61.0
His_473,Substation_Level_22kV_Bay473_Meas_Uc,voltage,real,519201,100.0,,True,,,,,,,,0,519201.0,,,
His_473,Substation_Level_22kV_Bay473_Meas_Ub,voltage,real,519201,100.0,,True,,,,,,,,0,519201.0,,,
His_473,Substation_Level_22kV_Bay473_Meas_Ua,voltage,real,519201,100.0,,True,,,,,,,,0,519201.0,,,
His_473,Substation_Level_22kV_Bay473_Meas_F,frequency,real,519201,0.022,0.001,False,0.0,49.84899,50.118,50.29001,50.523,50.101748,0.197682,734,112.0,0.0,50.042,50.172
His_473,ts_utc,time,,519201,,,,,,,,,,,,,,,
His_473,ts_local,time,,519201,,,,,,,,,,,,,,,
His_475,ID,meta,bigint,519127,0.0,0.0,False,0.0,4651.85,295651.0,514307.46,519126.0,259563.0,149859.056597,> 5000,0.0,0.0,145497.25,409294.25
His_475,UTCTimestamp_Ticks,time,bigint,519127,,,,,,,,,,,,,,,
His_475,LogType,meta,smallint,519127,0.0,0.009,False,0.0,1.0,1.0,1.0,2.0,0.999996,0.013167,3,0.0,0.0,1.0,1.0
His_475,NotSync,meta,smallint,519127,0.0,100.0,True,0.0,0.0,0.0,0.0,0.0,0.0,0.0,1,0.0,0.0,0.0,0.0
His_475,Substation_Level_22kV_Bay475_Meas_PF,power_factor,real,519127,0.035,0.014,False,-0.99,0.4396,1.0,1.0,1.0,0.98301,0.170868,166,182.0,0.756,1.0,1.0
His_475,Substation_Level_22kV_Bay475_Meas_Q,reactive_power,real,519127,0.035,59.024,False,-2.861,-0.20305,0.0,0.77103,2.542,0.067662,0.182778,1012,182.0,9.077,0.0,0.066
His_475,Substation_Level_22kV_Bay475_Meas_P,active_power,real,519127,0.035,58.42,False,-0.278,0.0,0.0,8.091,8.728,1.642431,2.510914,3530,182.0,0.016,0.0,3.12075
His_475,Substation_Level_22kV_Bay475_Meas_In,current,real,519127,0.035,85.785,False,0.0,0.0,0.0,1.27,1.5,0.134138,0.341038,91,182.0,0.0,0.0,0.0
His_475,Substation_Level_22kV_Bay475_Meas_Ic,current,real,519127,0.035,58.461,False,0.0,0.0,0.0,212.0,231.0,43.34013,66.043971,224,182.0,0.0,0.0,83.0
His_475,Substation_Level_22kV_Bay475_Meas_Ib,current,real,519127,0.035,58.459,False,0.0,0.0,0.0,213.0,231.0,43.516511,66.309786,225,182.0,0.0,0.0,83.0
His_475,Substation_Level_22kV_Bay475_Meas_Ia,current,real,519127,0.035,58.439,False,0.0,0.0,0.0,212.0,231.0,43.343903,66.060497,226,182.0,0.0,0.0,83.0
His_475,Substation_Level_22kV_Bay475_Meas_Uc,voltage,real,519127,100.0,,True,,,,,,,,0,519127.0,,,
His_475,Substation_Level_22kV_Bay475_Meas_Ub,voltage,real,519127,100.0,,True,,,,,,,,0,519127.0,,,
His_475,Substation_Level_22kV_Bay475_Meas_Ua,voltage,real,519127,100.0,,True,,,,,,,,0,519127.0,,,
His_475,Substation_Level_22kV_Bay475_Meas_F,frequency,real,519127,0.022,0.001,False,0.0,49.84999,50.117,50.289,50.53,50.101787,0.197727,717,115.0,0.0,50.039,50.173
His_475,ts_utc,time,,519127,,,,,,,,,,,,,,,
His_475,ts_local,time,,519127,,,,,,,,,,,,,,,
His_477,ID,meta,bigint,519159,0.0,0.0,False,0.0,5005.63,296671.0,514657.04,519158.0,259579.0,149868.294201,> 5000,0.0,0.0,146015.25,409912.0
His_477,UTCTimestamp_Ticks,time,bigint,519159,,,,,,,,,,,,,,,
His_477,LogType,meta,smallint,519159,0.0,0.009,False,0.0,1.0,1.0,1.0,2.0,0.999996,0.013167,3,0.0,0.0,1.0,1.0
His_477,NotSync,meta,smallint,519159,0.0,100.0,True,0.0,0.0,0.0,0.0,0.0,0.0,0.0,1,0.0,0.0,0.0,0.0
His_477,Substation_Level_22kV_Bay477_Meas_PF,power_factor,real,519159,0.038,0.014,False,-0.99,-0.97,1.0,1.0,1.0,0.968601,0.239473,170,195.0,1.509,1.0,1.0
His_477,Substation_Level_22kV_Bay477_Meas_Q,reactive_power,real,519159,0.038,57.995,False,-3.142,-0.332,0.0,0.898,4.287,0.069246,0.228436,1327,195.0,13.447,0.0,0.042
His_477,Substation_Level_22kV_Bay477_Meas_P,active_power,real,519159,0.038,57.57,False,-0.044,0.0,0.0,11.7701,12.466,2.412215,3.670815,> 5000,195.0,0.021,0.0,4.54375
His_477,Substation_Level_22kV_Bay477_Meas_In,current,real,519159,0.037,99.97,True,0.0,0.0,0.0,0.0,0.81,0.000199,0.011543,1,192.0,0.0,0.0,0.0
His_477,Substation_Level_22kV_Bay477_Meas_Ic,current,real,519159,0.037,57.59,False,0.0,0.0,0.0,310.0,329.0,63.679527,96.611687,323,192.0,0.0,0.0,120.0
His_477,Substation_Level_22kV_Bay477_Meas_Ib,current,real,519159,0.037,57.618,False,0.0,0.0,0.0,310.0,329.0,63.716855,96.668223,324,192.0,0.0,0.0,120.0
His_477,Substation_Level_22kV_Bay477_Meas_Ia,current,real,519159,0.037,57.597,False,0.0,0.0,0.0,310.0,330.0,63.703839,96.659229,323,192.0,0.0,0.0,120.0
His_477,Substation_Level_22kV_Bay477_Meas_Uc,voltage,real,519159,100.0,,True,,,,,,,,0,519159.0,,,
His_477,Substation_Level_22kV_Bay477_Meas_Ub,voltage,real,519159,100.0,,True,,,,,,,,0,519159.0,,,
His_477,Substation_Level_22kV_Bay477_Meas_Ua,voltage,real,519159,100.0,,True,,,,,,,,0,519159.0,,,
His_477,Substation_Level_22kV_Bay477_Meas_F,frequency,real,519159,0.023,0.001,False,0.0,49.854,50.118,50.284,50.517,50.102075,0.209638,725,121.0,0.0,50.038,50.174
His_477,ts_utc,time,,519159,,,,,,,,,,,,,,,
His_477,ts_local,time,,519159,,,,,,,,,,,,,,,
His_T1,ID,meta,bigint,523932,0.0,0.0,False,0.0,5003.45,295333.0,519300.31,523931.0,261965.5,151246.140618,> 5000,0.0,0.0,146342.75,411687.5
His_T1,UTCTimestamp_Ticks,time,bigint,523932,,,,,,,,,,,,,,,
His_T1,LogType,meta,smallint,523932,0.0,0.009,False,0.0,1.0,1.0,1.0,2.0,0.999996,0.013106,3,0.0,0.0,1.0,1.0
His_T1,NotSync,meta,smallint,523932,0.0,100.0,True,0.0,0.0,0.0,0.0,0.0,0.0,0.0,1,0.0,0.0,0.0,0.0
His_T1,Substation_Level_110kV_BayT1_T1_MEAS_Tap,tap_changer,real,523932,0.064,0.0,True,9.0,9.0,9.0,9.0,9.0,9.0,0.0,1,337.0,0.0,9.0,9.0
His_T1,Substation_Level_110kV_BayT1_T1_MEAS_OilTemp,temperature,real,523932,0.019,0.0,False,0.0,27.0,46.0,59.0,62.0,45.756187,5.980826,28,101.0,0.0,43.0,50.0
His_T1,Substation_Level_110kV_BayT1_T1_MEAS_MVTemp,temperature,real,523932,100.0,,True,,,,,,,,0,523932.0,,,
His_T1,Substation_Level_110kV_BayT1_T1_MEAS_LVTemp,temperature,real,523932,0.02,0.0,False,24.7,29.4,48.1,64.9,68.0,48.41336,6.872649,290,103.0,0.0,44.1,52.0
His_T1,Substation_Level_110kV_BayT1_T1_MEAS_HVTemp,temperature,real,523932,0.012,0.0,False,11.3,26.2,45.3,60.7,63.2,45.021036,6.598704,277,63.0,0.0,40.9,48.5
His_T1,ts_utc,time,,523932,,,,,,,,,,,,,,,
His_T1,ts_local,time,,523932,,,,,,,,,,,,,,,
His_TUC41,ID,meta,bigint,521569,0.0,0.0,False,0.0,4799.5,294544.0,516908.73,521568.0,260784.0,150564.001275,> 5000,0.0,0.0,145599.0,410227.25
His_TUC41,UTCTimestamp_Ticks,time,bigint,521569,,,,,,,,,,,,,,,
His_TUC41,LogType,meta,smallint,521569,0.0,0.009,False,0.0,1.0,1.0,1.0,2.0,0.999996,0.013136,3,0.0,0.0,1.0,1.0
His_TUC41,NotSync,meta,smallint,521569,0.0,100.0,True,0.0,0.0,0.0,0.0,0.0,0.0,0.0,1,0.0,0.0,0.0,0.0
His_TUC41,Substation_Level_22kV_BayTUC41_Meas_Uca,voltage,real,521569,0.03,0.002,False,0.0,1.073,21.892,22.22,22.651,21.468147,2.930193,1094,155.0,0.0,21.772,22.0
His_TUC41,Substation_Level_22kV_BayTUC41_Meas_Ubc,voltage,real,521569,0.031,0.002,False,0.0,1.072,21.885,22.186,22.556,21.462781,2.92861,979,160.0,0.0,21.771,21.993
His_TUC41,Substation_Level_22kV_BayTUC41_Meas_Uab,voltage,real,521569,0.03,2.015,False,0.0,0.0,21.91,22.29701,22.877,21.465527,3.082764,1257,155.0,0.0,21.783,22.032
His_TUC41,Substation_Level_22kV_BayTUC41_Meas_F,frequency,real,521569,0.021,2.015,False,0.0,0.0,50.115,50.28601,50.528,49.093169,7.039991,720,112.0,0.0,50.03,50.17
His_TUC41,ts_utc,time,,521569,,,,,,,,,,,,,,,
His_TUC41,ts_local,time,,521569,,,,,,,,,,,,,,,
His_report,ID,meta,bigint,107307,0.0,0.001,False,0.0,905.92,53852.5,106529.15,107306.0,53653.0,30976.862667,> 5000,0.0,0.0,27038.0,81497.0
His_report,UTCTimestamp_Ticks,time,bigint,107307,,,,,,,,,,,,,,,
His_report,LogType,meta,smallint,107307,0.0,0.043,False,0.0,1.0,1.0,1.0,2.0,0.999991,0.029121,3,0.0,0.0,1.0,1.0
His_report,NotSync,meta,smallint,107307,0.0,100.0,True,0.0,0.0,0.0,0.0,0.0,0.0,0.0,1,0.0,0.0,0.0,0.0
His_report,SOLAR_WS_Wind_Speed,wind,real,107307,4.297,5.364,False,0.0,0.0,1.9,7.0,13.1,2.144745,1.543433,116,4611.0,0.0,1.0,2.9
His_report,SOLAR_WS_Wind_direction,wind,real,107307,4.297,5.428,False,0.0,0.0,239.0,342.01,359.0,207.553829,93.78508,360,4611.0,0.0,139.0,278.0
His_report,SOLAR_WS_Rad_2,irradiance,real,107307,0.089,46.637,False,0.0,0.0,20.480318,1033.623224,1397.2705,239.468255,339.292642,> 5000,95.0,0.0,0.0,416.215735
His_report,SOLAR_WS_Rad_1,irradiance,real,107307,4.297,48.2,False,0.0,0.0,1.0,981.01,1346.0,211.987556,312.820855,1161,4611.0,0.0,0.0,322.25
His_report,SOLAR_WS_Panel_T,temperature,real,107307,4.298,2.296,False,0.0,0.0,26.6,52.5,85.0,29.134106,9.759158,481,4612.0,0.0,23.8,33.7
His_report,SOLAR_WS_Humidity,humidity,real,107307,4.298,25.989,False,0.0,0.0,77.7,95.0,96.3,59.904466,36.434212,534,4612.0,0.0,0.0,85.1
His_report,SOLAR_WS_Air_T,temperature,real,107307,4.298,25.989,False,0.0,0.0,24.9,35.3,40.2,19.552093,11.950769,222,4612.0,0.0,0.0,26.9
His_report,SOLAR_WS_Air_Pressure,pressure,real,107307,4.297,58.967,False,0.0,0.0,0.0,1244.7,1244.7,439.889883,531.634308,4,4611.0,0.0,0.0,1007.0
His_report,Data_PR,performance_ratio,real,107307,0.808,6.039,False,0.0,0.0,98.26684,122.032718,54108.24,151.034026,1810.529742,> 5000,867.0,0.0,96.790435,98.473285
His_report,IEC104S_IEC104S_AO_A0_P_SETPOINT,active_power,real,107307,0.0,6.425,False,0.0,0.0,0.093926,37.248548,40.0,7.803699,11.373492,> 5000,0.0,0.0,0.041112,14.215414
His_report,IEC104S_IEC104S_AI_P_HIGH,active_power,real,107307,0.089,43.204,False,0.0,0.0,0.442,36.908849,45.747,8.382106,11.778009,> 5000,95.0,0.0,0.0,15.734136
His_report,IEC104S_IEC104S_AI_P_LOW,active_power,real,107307,0.089,0.0,True,0.3,0.3,0.3,0.3,0.3,0.3,0.0,1,95.0,0.0,0.3,0.3
His_report,Substation_Level_22kV_Bay437_MEAS_Ic,current,real,107307,3.294,57.101,False,0.0,0.0,0.0,60.426976,66.792564,12.184413,18.595503,> 5000,3535.0,0.0,0.0,21.078764
His_report,Substation_Level_22kV_Bay437_MEAS_Ib,current,real,107307,3.294,57.024,False,0.0,0.0,0.0,60.593586,66.733215,12.221941,18.626964,> 5000,3535.0,0.0,0.0,21.220294
His_report,Substation_Level_22kV_Bay437_MEAS_Ia,current,real,107307,3.294,57.177,False,0.0,0.0,0.0,60.18805,66.22112,12.118719,18.507888,> 5000,3535.0,0.0,0.0,20.999308
His_report,Substation_Level_22kV_Bay436_MEAS_Ic,current,real,107307,4.731,55.495,False,0.0,0.0,0.0,156.788575,165.72894,32.001865,48.709667,> 5000,5077.0,0.0,0.0,52.780262
His_report,Substation_Level_22kV_Bay436_MEAS_Ib,current,real,107307,4.731,55.438,False,0.0,0.0,0.0,156.077523,165.85324,31.916262,48.548699,> 5000,5077.0,0.0,0.0,52.706558
His_report,Substation_Level_22kV_Bay436_MEAS_Ia,current,real,107307,4.731,55.548,False,0.0,0.0,0.0,155.796538,164.9037,31.7722,48.393434,> 5000,5077.0,0.0,0.0,52.408688
His_report,Substation_Level_22kV_Bay435_MEAS_Ic,current,real,107307,4.271,55.532,False,0.0,0.0,0.0,154.012907,165.6233,31.575101,48.068835,> 5000,4583.0,0.0,0.0,56.211582
His_report,Substation_Level_22kV_Bay435_MEAS_Ib,current,real,107307,4.271,55.549,False,0.0,0.0,0.0,154.428649,166.43402,31.714112,48.264912,> 5000,4583.0,0.0,0.0,56.713011
His_report,Substation_Level_22kV_Bay435_MEAS_Ia,current,real,107307,4.271,55.558,False,0.0,0.0,0.0,153.65034,165.48808,31.502876,47.971169,> 5000,4583.0,0.0,0.0,56.233941
His_report,Substation_Level_22kV_Bay434_MEAS_Ic,current,real,107307,6.469,55.13,False,0.0,0.0,0.0,153.742777,166.62111,31.275342,47.825435,> 5000,6942.0,0.0,0.0,53.199059
His_report,Substation_Level_22kV_Bay434_MEAS_Ib,current,real,107307,6.469,55.068,False,0.0,0.0,0.0,153.179794,165.91718,31.196301,47.676054,> 5000,6942.0,0.0,0.0,53.209179
His_report,Substation_Level_22kV_Bay434_MEAS_Ia,current,real,107307,6.469,55.2,False,0.0,0.0,0.0,151.234585,163.53062,30.712065,46.997007,> 5000,6942.0,0.0,0.0,52.256955
His_report,Substation_Level_22kV_Bay433_MEAS_Ic,current,real,107307,4.182,55.314,False,0.0,0.0,0.0,157.869296,165.90205,32.83951,49.691766,> 5000,4488.0,0.0,0.0,56.428918
His_report,Substation_Level_22kV_Bay433_MEAS_Ib,current,real,107307,4.182,55.295,False,0.0,0.0,0.0,157.536793,164.97298,32.729763,49.51222,> 5000,4488.0,0.0,0.0,56.166226
His_report,Substation_Level_22kV_Bay433_MEAS_Ia,current,real,107307,4.182,55.372,False,0.0,0.0,0.0,156.91879,163.91162,32.536669,49.277155,> 5000,4488.0,0.0,0.0,55.784472
His_report,Substation_Level_22kV_Bay432_MEAS_Ic,current,real,107307,4.596,55.009,False,0.0,0.0,0.0,153.048274,165.08568,31.523625,47.947799,> 5000,4932.0,0.0,0.0,52.388856
His_report,Substation_Level_22kV_Bay432_MEAS_Ib,current,real,107307,4.596,54.825,False,0.0,0.0,0.0,153.692353,165.89966,31.744111,48.248049,> 5000,4932.0,0.0,0.0,52.793259
His_report,Substation_Level_22kV_Bay432_MEAS_Ia,current,real,107307,4.596,54.978,False,0.0,0.0,0.0,153.122168,164.87355,31.518894,47.960784,> 5000,4932.0,0.0,0.0,52.286025
His_report,Substation_Level_22kV_Bay431A_MEAS_Ic,current,real,107307,6.232,55.159,False,0.0,0.0,0.0,158.348889,166.3802,32.620834,49.53228,> 5000,6687.0,0.0,0.0,51.390587
His_report,Substation_Level_22kV_Bay431A_MEAS_Ib,current,real,107307,6.232,55.101,False,0.0,0.0,0.0,157.148881,165.35341,32.441439,49.217694,> 5000,6687.0,0.0,0.0,50.948473
His_report,Substation_Level_22kV_Bay431A_MEAS_Ia,current,real,107307,6.232,55.141,False,0.0,0.0,0.0,156.317637,164.16977,32.170964,48.866517,> 5000,6687.0,0.0,0.0,50.426193
His_report,Substation_Level_22kV_Bay477_Meas_Q,reactive_power,real,107307,0.163,58.82,False,-2.847,-0.30317,0.0,0.91607,4.287,0.067517,0.226634,870,175.0,13.2,0.0,0.034
His_report,Substation_Level_22kV_Bay477_Meas_P,active_power,real,107307,0.163,58.406,False,-0.024,0.0,0.0,11.66722,12.437,2.358222,3.6421,4890,175.0,0.024,0.0,3.977
His_report,Substation_Level_22kV_Bay477_Meas_Ib,current,real,107307,0.163,58.447,False,0.0,0.0,0.0,307.0,328.0,62.293582,95.916621,325,175.0,0.0,0.0,105.25
His_report,Substation_Level_22kV_Bay475_Meas_Q,reactive_power,real,107307,0.161,59.789,False,-2.861,-0.186,0.0,0.7741,2.102,0.066321,0.182039,790,173.0,8.935,0.0,0.044
His_report,Substation_Level_22kV_Bay475_Meas_P,active_power,real,107307,0.161,59.243,False,-0.278,0.0,0.0,8.02203,8.708,1.605432,2.490648,3503,173.0,0.02,0.0,2.6885
His_report,Substation_Level_22kV_Bay475_Meas_Ib,current,real,107307,0.161,59.28,False,0.0,0.0,0.0,211.0,230.0,42.539838,65.783162,226,173.0,0.0,0.0,72.0
His_report,Substation_Level_22kV_Bay473_Meas_Q,reactive_power,real,107307,0.16,60.728,False,-2.751,-0.391,0.0,0.43002,2.312,0.022407,0.126258,639,172.0,14.066,0.0,0.0
His_report,Substation_Level_22kV_Bay473_Meas_P,active_power,real,107307,0.16,59.937,False,-0.022,0.0,0.0,6.01605,6.24,1.19371,1.856128,2521,172.0,0.009,0.0,1.9565
His_report,Substation_Level_22kV_Bay473_Meas_Ib,current,real,107307,0.16,60.01,False,0.0,0.0,0.0,158.0,166.0,31.517945,48.86848,163,172.0,0.0,0.0,52.0
His_report,Substation_Level_22kV_Bay471_Meas_Q,reactive_power,real,107307,0.327,58.528,False,-3.491,-0.28105,0.0,1.05205,5.085,0.095166,0.269484,933,351.0,10.944,0.0,0.068
His_report,Substation_Level_22kV_Bay471_Meas_P,active_power,real,107307,0.327,58.197,False,-0.027,0.0,0.0,11.82103,12.485,2.381533,3.674201,4930,351.0,0.024,0.0,4.03825
His_report,Substation_Level_22kV_Bay471_Meas_Ib,current,real,107307,0.326,58.249,False,0.0,0.0,0.0,310.0,330.0,62.919575,96.72661,326,350.0,0.0,0.0,107.0
His_report,Substation_Level_22kV_Bay431_MEAS_Uab,voltage,real,107307,0.154,2.809,False,0.0,0.0,21.873,22.249,22.629,21.256208,3.61854,1079,165.0,0.0,21.743,21.995
His_report,Substation_Level_22kV_Bay431_MEAS_Ib,current,real,107307,0.154,59.41,False,0.0,0.0,0.0,982.0,1044.0,197.87118,304.719372,1012,165.0,0.0,0.0,339.0
His_report,Substation_Level_22kV_Bay431_MEAS_PF,power_factor,real,107307,0.154,0.007,False,-0.99,0.89,1.0,1.0,1.0,0.985441,0.160454,114,165.0,0.671,1.0,1.0
His_report,Substation_Level_22kV_Bay431_MEAS_F,frequency,real,107307,0.154,2.81,False,0.0,0.0,50.117,50.287,50.496,48.6944,8.28086,662,165.0,0.0,50.032,50.171
His_report,Substation_Level_22kV_Bay431_MEAS_Q,reactive_power,real,107307,0.154,60.111,False,-9.778,-0.69697,0.0,2.72286,10.596,0.262207,0.736276,593,165.0,9.66,0.0,0.171
His_report,Substation_Level_22kV_Bay431_MEAS_P,active_power,real,107307,0.154,59.411,False,-0.085,0.0,0.0,37.19524,39.49,7.471374,11.546336,3178,165.0,0.015,0.0,12.695
His_report,Substation_Level_110kV_BayT1_T1_MEAS_Tap,tap_changer,real,107307,0.078,0.0,True,9.0,9.0,9.0,9.0,9.0,9.0,0.0,1,84.0,0.0,9.0,9.0
His_report,Substation_Level_110kV_BayT1_T1_MEAS_OilTemp,temperature,real,107307,0.581,0.0,False,22.0,25.0,46.0,59.0,62.0,45.739221,5.967913,41,623.0,0.0,42.0,49.0
His_report,Substation_Level_110kV_BayT1_T1_MEAS_MVTemp,temperature,real,107307,100.0,,True,,,,,,,,0,107307.0,,,
His_report,Substation_Level_110kV_BayT1_T1_MEAS_HVTemp,temperature,real,107307,0.579,0.0,False,20.8,23.9,44.7,60.701,63.2,45.009807,6.59157,343,621.0,0.0,40.8,48.5
His_report,Substation_Level_110kV_Bay131_MEAS_PF,power_factor,real,107307,1.14,55.884,False,-1.0,-0.999992,0.0,0.0,0.330904,-0.434421,0.493217,> 5000,1223.0,43.943,-0.998889,0.0
His_report,Substation_Level_110kV_Bay131_MEAS_Q,reactive_power,real,107307,0.153,0.968,False,-11.072381,-1.316555,0.018002,1.74299,8.585196,0.034101,0.541457,> 5000,164.0,44.512,-0.078553,0.144494
His_report,Substation_Level_110kV_Bay131_MEAS_P,active_power,real,107307,0.153,0.968,False,-0.412118,-0.113213,0.222881,36.980827,39.261433,7.503501,11.441521,> 5000,164.0,17.539,0.037306,12.69743
His_report,Substation_Level_110kV_Bay131_MEAS_F,frequency,real,107307,1.14,0.0,False,49.365406,49.84602,50.117754,50.289142,50.494286,50.101866,0.100751,> 5000,1223.0,0.0,50.037403,50.17269
His_report,Substation_Level_110kV_Bay131_MEAS_Ib,current,real,107307,0.153,0.97,False,0.0,0.135873,1.248411,183.82458,196.47977,37.986683,56.954216,> 5000,164.0,0.0,0.851952,63.728683
His_report,Substation_Level_110kV_Bay131_MEAS_Uab,voltage,real,107307,0.153,0.988,False,0.0,0.0,115.91746,117.744402,119.11407,114.760631,11.499958,> 5000,164.0,0.0,115.262218,116.545838
His_report,Substation_Level_110kV_BayT1_T1_MEAS_LVTemp,temperature,real,107307,0.579,0.0,False,24.7,27.1,47.9,64.9,68.1,48.400694,6.865536,339,621.0,0.0,44.0,51.9
His_report,Data_Available,other,real,107307,0.089,55.054,False,0.0,0.0,0.0,92.182111,99.588776,18.885494,28.39226,> 5000,95.0,0.0,0.0,33.914726
His_report,SOLAR_WSRT1_Rad_1,irradiance,real,107307,29.519,30.325,False,0.0,0.0,134.0,1042.01,1501.0,289.660655,333.825474,1239,31676.0,0.0,0.0,508.5
His_report,SOLAR_WSRT1_Panel_T,temperature,real,107307,29.521,0.0,False,15.0,20.1,29.8,60.1,66.7,34.168437,11.053034,502,31678.0,0.0,24.9,42.7
His_report,ts_utc,time,,107307,,,,,,,,,,,,,,,
His_report,ts_local,time,,107307,,,,,,,,,,,,,,,
Weather,ID,meta,bigint,524088,0.0,0.0,False,0.0,4647.51,295779.0,520085.28,524087.0,262043.5,151291.173939,> 5000,0.0,0.0,146622.5,412305.25
Weather,UTCTimestamp_Ticks,time,bigint,524088,,,,,,,,,,,,,,,
Weather,LogType,meta,smallint,524088,0.0,0.009,False,0.0,1.0,1.0,1.0,2.0,0.999996,0.013104,3,0.0,0.0,1.0,1.0
Weather,NotSync,meta,smallint,524088,0.0,100.0,True,0.0,0.0,0.0,0.0,0.0,0.0,0.0,1,0.0,0.0,0.0,0.0
Weather,SOLAR_WS_Wind_Speed,wind,real,524088,3.999,5.533,False,0.0,0.0,1.9,6.9,13.5,2.132442,1.540268,122,20959.0,0.0,0.9,2.9
Weather,SOLAR_WS_Wind_direction,wind,real,524088,3.997,5.61,False,0.0,0.0,230.0,345.0,359.0,206.65981,94.244736,360,20949.0,0.0,130.0,277.0
Weather,SOLAR_WS_Rad_2,irradiance,real,524088,0.026,47.033,False,0.0,0.0,12.934999,1027.660911,1453.469,237.801854,339.158533,> 5000,138.0,0.0,0.0,419.5671
Weather,SOLAR_WS_Rad_1,irradiance,real,524088,3.995,48.842,False,0.0,0.0,4.0,984.0,1401.0,209.140079,311.907834,1233,20935.0,0.0,0.0,352.0
Weather,SOLAR_WS_Panel_T,temperature,real,524088,3.993,2.256,False,0.0,0.0,26.6,52.201,6553.5,29.118333,20.768543,486,20929.0,0.0,23.7,34.1
Weather,SOLAR_WS_Humidity,humidity,real,524088,3.994,26.31,False,0.0,0.0,77.9,95.0,96.3,59.74542,36.61031,497,20930.0,0.0,0.0,84.8
Weather,SOLAR_WS_Air_T,temperature,real,524088,3.993,26.31,False,0.0,0.0,24.7,35.2,40.3,19.432412,11.967821,224,20926.0,0.0,0.0,26.5
Weather,SOLAR_WS_Air_Pressure,pressure,real,524088,3.994,58.832,False,0.0,0.0,0.0,1244.7,1244.7,441.643357,532.294243,5,20934.0,0.0,0.0,1007.0
Weather,Data_WS2_Wind_Speed,wind,real,524088,100.0,,True,,,,,,,,0,524088.0,,,
Weather,Data_WS2_Wind_direction,wind,real,524088,100.0,,True,,,,,,,,0,524088.0,,,
Weather,Data_WS2_Rad_2,irradiance,real,524088,100.0,,True,,,,,,,,0,524088.0,,,
Weather,Data_WS2_Panel_T,temperature,real,524088,100.0,,True,,,,,,,,0,524088.0,,,
Weather,Data_WS2_Humidity,humidity,real,524088,100.0,,True,,,,,,,,0,524088.0,,,
Weather,Data_WS2_Air_T,temperature,real,524088,100.0,,True,,,,,,,,0,524088.0,,,
Weather,Data_WS2_Air_Pressure,pressure,real,524088,100.0,,True,,,,,,,,0,524088.0,,,
Weather,Data_WS1_Wind_Speed,wind,real,524088,93.17,0.0,True,3.2,3.2,3.2,3.2,3.2,3.2,0.0,1,488294.0,0.0,3.2,3.2
Weather,Data_WS1_Wind_direction,wind,real,524088,93.17,0.0,True,260.0,260.0,260.0,260.0,260.0,260.0,0.0,1,488294.0,0.0,260.0,260.0
Weather,Data_WS1_Rad_2,irradiance,real,524088,93.17,0.0,True,600.0,600.0,600.0,600.0,600.0,600.0,0.0,1,488293.0,0.0,600.0,600.0
Weather,Data_WS1_Rad_1,irradiance,real,524088,93.17,0.0,True,632.0,632.0,632.0,632.0,632.0,632.0,0.0,1,488293.0,0.0,632.0,632.0
Weather,Data_WS1_Panel_T,temperature,real,524088,93.17,0.0,True,33.7,33.7,33.7,33.7,33.7,33.7,0.0,1,488293.0,0.0,33.7,33.7
Weather,Data_WS1_Humidity,humidity,real,524088,93.17,0.0,True,89.0,89.0,89.0,89.0,89.0,89.0,0.0,1,488293.0,0.0,89.0,89.0
Weather,Data_WS1_Air_T,temperature,real,524088,93.17,0.0,True,32.6,32.6,32.6,32.6,32.6,32.6,0.0,1,488293.0,0.0,32.6,32.6
Weather,Data_WS1_Air_Pressure,pressure,real,524088,100.0,0.0,True,901.0,901.0,901.0,901.0,901.0,901.0,0.0,1,524087.0,0.0,901.0,901.0
Weather,IEC104S_IEC104S_AO_A0_P_SETPOINT,active_power,real,524088,0.0,6.5,False,0.0,0.0,0.09434,37.305555,40.0,7.733543,11.355994,> 5000,0.0,0.0,0.04274,14.015399
Weather,IEC104S_IEC104S_AI_P_HIGH,active_power,real,524088,0.026,43.533,False,0.0,0.0,0.238,36.775659,46.444,8.308122,11.752571,> 5000,137.0,0.0,0.0,15.901423
Weather,IEC104S_IEC104S_AI_P_LOW,active_power,real,524088,0.026,0.0,True,0.3,0.3,0.3,0.3,0.3,0.3,0.0,1,137.0,0.0,0.3,0.3
Weather,IEC104S_IEC104S_SI_A0_MW_CONTROL,other,real,524088,0.0,90.201,False,0.0,0.0,0.0,1.0,1.0,0.097993,0.297305,2,0.0,0.0,0.0,0.0
Weather,IEC104S_IEC104S_SI_P_P_MW_MODE,active_power,real,524088,0.0,0.01,False,0.0,1.0,1.0,1.0,1.0,0.999905,0.009767,2,0.0,0.0,1.0,1.0
Weather,ts_utc,time,,524088,,,,,,,,,,,,,,,
Weather,ts_local,time,,524088,,,,,,,,,,,,,,,
